Method key,Method,Dataset,Dataset label,Model key,Model,Setting key,Setting,Local epochs,Config rounds,Client count,Client count label,Round,Round id,Segment,Accuracy source,Result source,Run status,Mean accuracy,Std accuracy,Seed count,Manifest rows,Communication round
flora,Linear FLoRA,dolly_stratified,Dolly stratified,tinyllama,TinyLlama,heter,Heter,3,50,3,3,1,0,1,round_config,round config,Committed partial,30.696693661343176,0.0,1,4,1
flora,Linear FLoRA,dolly_stratified,Dolly stratified,tinyllama,TinyLlama,heter,Heter,3,50,3,3,2,1,1,round_config,round config,Committed partial,27.837748188354933,0.0,1,4,2
flora,Linear FLoRA,dolly_stratified,Dolly stratified,tinyllama,TinyLlama,heter,Heter,3,50,3,3,3,2,1,round_config,round config,Committed partial,27.57769276502222,0.0,1,4,3
flora,Linear FLoRA,dolly_stratified,Dolly stratified,tinyllama,TinyLlama,heter,Heter,3,50,3,3,4,3,1,round_config,round config,Committed partial,28.54191140034274,0.0,1,4,4
flora,Linear FLoRA,dolly_stratified,Dolly stratified,tinyllama,TinyLlama,heter,Heter,3,50,3,3,5,4,1,round_config,round config,Committed partial,28.01441475065647,0.0,1,4,5
flora,Linear FLoRA,dolly_stratified,Dolly stratified,tinyllama,TinyLlama,heter,Heter,3,50,3,3,6,5,1,round_config,round config,Committed partial,28.051878247240076,0.0,1,4,6
flora,Linear FLoRA,dolly_stratified,Dolly stratified,tinyllama,TinyLlama,heter,Heter,3,50,3,3,7,6,1,round_config,round config,Committed partial,26.81819135480034,0.0,1,4,7
flora,Linear FLoRA,dolly_stratified,Dolly stratified,tinyllama,TinyLlama,heter,Heter,3,50,3,3,8,7,1,round_config,round config,Committed partial,26.945647984860184,0.0,1,4,8
flora,Linear FLoRA,dolly_stratified,Dolly stratified,tinyllama,TinyLlama,heter,Heter,3,50,3,3,9,8,1,round_config,round config,Committed partial,26.58571374413953,0.0,1,4,9
flora,Linear FLoRA,dolly_stratified,Dolly stratified,tinyllama,TinyLlama,heter,Heter,3,50,3,3,10,9,1,round_config,round config,Committed partial,26.32049758332961,0.0,1,4,10
flora,Linear FLoRA,dolly_stratified,Dolly stratified,tinyllama,TinyLlama,heter,Heter,3,50,3,3,11,10,2,round_config,round config,Committed partial,27.60447307648964,0.0,1,4,11
flora,Linear FLoRA,dolly_stratified,Dolly stratified,tinyllama,TinyLlama,heter,Heter,3,50,3,3,12,11,2,round_config,round config,Committed partial,27.40014419730536,0.0,1,4,12
flora,Linear FLoRA,dolly_stratified,Dolly stratified,tinyllama,TinyLlama,heter,Heter,3,50,3,3,13,12,2,round_config,round config,Committed partial,26.294875928821543,0.0,1,4,13
flora,Linear FLoRA,dolly_stratified,Dolly stratified,tinyllama,TinyLlama,heter,Heter,3,50,3,3,14,13,2,round_config,round config,Committed partial,25.709900180829496,0.0,1,4,14
flora,Linear FLoRA,dolly_stratified,Dolly stratified,tinyllama,TinyLlama,heter,Heter,3,50,3,3,15,14,2,round_config,round config,Committed partial,26.585759678005584,0.0,1,4,15
flora,Linear FLoRA,dolly_stratified,Dolly stratified,tinyllama,TinyLlama,heter,Heter,3,50,3,3,16,15,2,round_config,round config,Committed partial,25.167924153554637,0.0,1,4,16
flora,Linear FLoRA,dolly_stratified,Dolly stratified,tinyllama,TinyLlama,heter,Heter,3,50,3,3,17,16,2,round_config,round config,Committed partial,24.866928507300887,0.0,1,4,17
flora,Linear FLoRA,dolly_stratified,Dolly stratified,tinyllama,TinyLlama,heter,Heter,3,50,3,3,18,17,2,round_config,round config,Committed partial,23.347180861747418,0.0,1,4,18
flora,Linear FLoRA,dolly_stratified,Dolly stratified,tinyllama,TinyLlama,heter,Heter,3,50,3,3,19,18,2,round_config,round config,Committed partial,23.27942161521254,0.0,1,4,19
flora,Linear FLoRA,dolly_stratified,Dolly stratified,tinyllama,TinyLlama,heter,Heter,3,50,3,3,20,19,2,round_config,round config,Committed partial,23.692012983922055,0.0,1,4,20
ffa,Nonlinear FFA,dolly_stratified,Dolly stratified,tinyllama,TinyLlama,heter,Heter,3,50,3,3,1,0,1,round_config,round config,Committed partial,27.885945601746638,0.0,1,10,1
ffa,Nonlinear FFA,dolly_stratified,Dolly stratified,tinyllama,TinyLlama,heter,Heter,3,50,3,3,2,1,1,round_config,round config,Committed partial,28.45594551403491,0.0,1,10,2
ffa,Nonlinear FFA,dolly_stratified,Dolly stratified,tinyllama,TinyLlama,heter,Heter,3,50,3,3,3,2,1,round_config,round config,Committed partial,29.83680812464919,0.0,1,10,3
ffa,Nonlinear FFA,dolly_stratified,Dolly stratified,tinyllama,TinyLlama,heter,Heter,3,50,3,3,4,3,1,round_config,round config,Committed partial,27.705581920319844,0.0,1,10,4
ffa,Nonlinear FFA,dolly_stratified,Dolly stratified,tinyllama,TinyLlama,heter,Heter,3,50,3,3,5,4,1,round_config,round config,Committed partial,29.01666299099295,0.0,1,10,5
ffa,Nonlinear FFA,dolly_stratified,Dolly stratified,tinyllama,TinyLlama,heter,Heter,3,50,3,3,6,5,1,round_config,round config,Committed partial,28.35526962569212,0.0,1,10,6
ffa,Nonlinear FFA,dolly_stratified,Dolly stratified,tinyllama,TinyLlama,heter,Heter,3,50,3,3,7,6,1,round_config,round config,Committed partial,28.169710800875507,0.0,1,10,7
ffa,Nonlinear FFA,dolly_stratified,Dolly stratified,tinyllama,TinyLlama,heter,Heter,3,50,3,3,8,7,1,round_config,round config,Committed partial,29.592927995164093,0.0,1,10,8
ffa,Nonlinear FFA,dolly_stratified,Dolly stratified,tinyllama,TinyLlama,heter,Heter,3,50,3,3,9,8,1,round_config,round config,Committed partial,30.00833872105971,0.0,1,10,9
ffa,Nonlinear FFA,dolly_stratified,Dolly stratified,tinyllama,TinyLlama,heter,Heter,3,50,3,3,10,9,1,round_config,round config,Committed partial,30.8855251632871,0.0,1,10,10
ffa,Nonlinear FFA,dolly_stratified,Dolly stratified,tinyllama,TinyLlama,heter,Heter,3,50,3,3,11,10,2,round_config,round config,Committed partial,31.525850829924597,0.0,1,10,11
ffa,Nonlinear FFA,dolly_stratified,Dolly stratified,tinyllama,TinyLlama,heter,Heter,3,50,3,3,12,11,2,round_config,round config,Committed partial,29.880067031144147,0.0,1,10,12
ffa,Nonlinear FFA,dolly_stratified,Dolly stratified,tinyllama,TinyLlama,heter,Heter,3,50,3,3,13,12,2,round_config,round config,Committed partial,29.804733098647045,0.0,1,10,13
ffa,Nonlinear FFA,dolly_stratified,Dolly stratified,tinyllama,TinyLlama,heter,Heter,3,50,3,3,14,13,2,round_config,round config,Committed partial,30.896372858394137,0.0,1,10,14
ffa,Nonlinear FFA,dolly_stratified,Dolly stratified,tinyllama,TinyLlama,heter,Heter,3,50,3,3,15,14,2,round_config,round config,Committed partial,31.461254936254175,0.0,1,10,15
ffa,Nonlinear FFA,dolly_stratified,Dolly stratified,tinyllama,TinyLlama,heter,Heter,3,50,3,3,16,15,2,round_config,round config,Committed partial,31.71741594233187,0.0,1,10,16
ffa,Nonlinear FFA,dolly_stratified,Dolly stratified,tinyllama,TinyLlama,heter,Heter,3,50,3,3,17,16,2,round_config,round config,Committed partial,32.87034137420887,0.0,1,10,17
ffa,Nonlinear FFA,dolly_stratified,Dolly stratified,tinyllama,TinyLlama,heter,Heter,3,50,3,3,18,17,2,round_config,round config,Committed partial,31.528596410788325,0.0,1,10,18
ffa,Nonlinear FFA,dolly_stratified,Dolly stratified,tinyllama,TinyLlama,heter,Heter,3,50,3,3,19,18,2,round_config,round config,Committed partial,31.79144046334984,0.0,1,10,19
ffa,Nonlinear FFA,dolly_stratified,Dolly stratified,tinyllama,TinyLlama,heter,Heter,3,50,3,3,20,19,2,round_config,round config,Committed partial,32.418147286416136,0.0,1,10,20
flora,Linear FLoRA,dolly_stratified,Dolly stratified,tinyllama,TinyLlama,heter,Heter,3,50,10,10,1,0,1,round_config,round config,Committed partial,27.439423212896045,0.0,1,5,1
flora,Linear FLoRA,dolly_stratified,Dolly stratified,tinyllama,TinyLlama,heter,Heter,3,50,10,10,2,1,1,round_config,round config,Committed partial,28.930923731821974,0.0,1,5,2
flora,Linear FLoRA,dolly_stratified,Dolly stratified,tinyllama,TinyLlama,heter,Heter,3,50,10,10,3,2,1,round_config,round config,Committed partial,27.440570261892788,0.0,1,5,3
flora,Linear FLoRA,dolly_stratified,Dolly stratified,tinyllama,TinyLlama,heter,Heter,3,50,10,10,4,3,1,round_config,round config,Committed partial,27.551439340539364,0.0,1,5,4
flora,Linear FLoRA,dolly_stratified,Dolly stratified,tinyllama,TinyLlama,heter,Heter,3,50,10,10,5,4,1,round_config,round config,Committed partial,26.150439665994448,0.0,1,5,5
flora,Linear FLoRA,dolly_stratified,Dolly stratified,tinyllama,TinyLlama,heter,Heter,3,50,10,10,6,5,1,round_config,round config,Committed partial,26.278711118904617,0.0,1,5,6
flora,Linear FLoRA,dolly_stratified,Dolly stratified,tinyllama,TinyLlama,heter,Heter,3,50,10,10,7,6,1,round_config,round config,Committed partial,26.472664558023105,0.0,1,5,7
flora,Linear FLoRA,dolly_stratified,Dolly stratified,tinyllama,TinyLlama,heter,Heter,3,50,10,10,8,7,1,round_config,round config,Committed partial,26.821338327838006,0.0,1,5,8
flora,Linear FLoRA,dolly_stratified,Dolly stratified,tinyllama,TinyLlama,heter,Heter,3,50,10,10,9,8,1,round_config,round config,Committed partial,26.966628258731696,0.0,1,5,9
flora,Linear FLoRA,dolly_stratified,Dolly stratified,tinyllama,TinyLlama,heter,Heter,3,50,10,10,10,9,1,round_config,round config,Committed partial,27.210137474145757,0.0,1,5,10
ffa,Nonlinear FFA,dolly_stratified,Dolly stratified,tinyllama,TinyLlama,heter,Heter,3,50,10,10,1,0,1,round_config,round config,Committed partial,21.678196966591646,0.0,1,11,1
ffa,Nonlinear FFA,dolly_stratified,Dolly stratified,tinyllama,TinyLlama,heter,Heter,3,50,10,10,2,1,1,round_config,round config,Committed partial,23.55121405419301,0.0,1,11,2
ffa,Nonlinear FFA,dolly_stratified,Dolly stratified,tinyllama,TinyLlama,heter,Heter,3,50,10,10,3,2,1,round_config,round config,Committed partial,25.916164085072644,0.0,1,11,3
ffa,Nonlinear FFA,dolly_stratified,Dolly stratified,tinyllama,TinyLlama,heter,Heter,3,50,10,10,4,3,1,round_config,round config,Committed partial,28.842765280959405,0.0,1,11,4
ffa,Nonlinear FFA,dolly_stratified,Dolly stratified,tinyllama,TinyLlama,heter,Heter,3,50,10,10,5,4,1,round_config,round config,Committed partial,28.597952988462776,0.0,1,11,5
ffa,Nonlinear FFA,dolly_stratified,Dolly stratified,tinyllama,TinyLlama,heter,Heter,3,50,10,10,6,5,1,round_config,round config,Committed partial,28.116785027618118,0.0,1,11,6
ffa,Nonlinear FFA,dolly_stratified,Dolly stratified,tinyllama,TinyLlama,heter,Heter,3,50,10,10,7,6,1,round_config,round config,Committed partial,28.128605605559205,0.0,1,11,7
ffa,Nonlinear FFA,dolly_stratified,Dolly stratified,tinyllama,TinyLlama,heter,Heter,3,50,10,10,8,7,1,round_config,round config,Committed partial,29.45497619791641,0.0,1,11,8
ffa,Nonlinear FFA,dolly_stratified,Dolly stratified,tinyllama,TinyLlama,heter,Heter,3,50,10,10,9,8,1,round_config,round config,Committed partial,27.61116113022978,0.0,1,11,9
ffa,Nonlinear FFA,dolly_stratified,Dolly stratified,tinyllama,TinyLlama,heter,Heter,3,50,10,10,10,9,1,round_config,round config,Committed partial,26.17861002745414,0.0,1,11,10
ffa,Nonlinear FFA,dolly_stratified,Dolly stratified,tinyllama,TinyLlama,heter,Heter,3,50,10,10,11,10,2,round_config,round config,Committed partial,28.54207132804476,0.0,1,11,11
ffa,Nonlinear FFA,dolly_stratified,Dolly stratified,tinyllama,TinyLlama,heter,Heter,3,50,10,10,12,11,2,round_config,round config,Committed partial,29.655002802581464,0.0,1,11,12
ffa,Nonlinear FFA,dolly_stratified,Dolly stratified,tinyllama,TinyLlama,heter,Heter,3,50,10,10,13,12,2,round_config,round config,Committed partial,27.66322852328951,0.0,1,11,13
ffa,Nonlinear FFA,dolly_stratified,Dolly stratified,tinyllama,TinyLlama,heter,Heter,3,50,10,10,14,13,2,round_config,round config,Committed partial,27.072624673250413,0.0,1,11,14
ffa,Nonlinear FFA,dolly_stratified,Dolly stratified,tinyllama,TinyLlama,heter,Heter,3,50,10,10,15,14,2,round_config,round config,Committed partial,26.82530416677182,0.0,1,11,15
ffa,Nonlinear FFA,dolly_stratified,Dolly stratified,tinyllama,TinyLlama,heter,Heter,3,50,10,10,16,15,2,round_config,round config,Committed partial,27.18347919207519,0.0,1,11,16
ffa,Nonlinear FFA,dolly_stratified,Dolly stratified,tinyllama,TinyLlama,heter,Heter,3,50,10,10,17,16,2,round_config,round config,Committed partial,29.57451375589096,0.0,1,11,17
ffa,Nonlinear FFA,dolly_stratified,Dolly stratified,tinyllama,TinyLlama,heter,Heter,3,50,10,10,18,17,2,round_config,round config,Committed partial,27.66122811145888,0.0,1,11,18
ffa,Nonlinear FFA,dolly_stratified,Dolly stratified,tinyllama,TinyLlama,heter,Heter,3,50,10,10,19,18,2,round_config,round config,Committed partial,28.46285339393842,0.0,1,11,19
ffa,Nonlinear FFA,dolly_stratified,Dolly stratified,tinyllama,TinyLlama,heter,Heter,3,50,10,10,20,19,2,round_config,round config,Committed partial,29.959451372172413,0.0,1,11,20
flora,Linear FLoRA,dolly_stratified,Dolly stratified,tinyllama,TinyLlama,heter,Heter,3,50,20,20,1,0,1,round_config,round config,Committed partial,18.05073707158839,0.0,1,6,1
flora,Linear FLoRA,dolly_stratified,Dolly stratified,tinyllama,TinyLlama,heter,Heter,3,50,20,20,2,1,1,round_config,round config,Committed partial,26.453769548503974,0.0,1,6,2
flora,Linear FLoRA,dolly_stratified,Dolly stratified,tinyllama,TinyLlama,heter,Heter,3,50,20,20,3,2,1,round_config,round config,Committed partial,27.100450400043783,0.0,1,6,3
flora,Linear FLoRA,dolly_stratified,Dolly stratified,tinyllama,TinyLlama,heter,Heter,3,50,20,20,4,3,1,round_config,round config,Committed partial,28.75589222750327,0.0,1,6,4
flora,Linear FLoRA,dolly_stratified,Dolly stratified,tinyllama,TinyLlama,heter,Heter,3,50,20,20,5,4,1,round_config,round config,Committed partial,27.195152836814675,0.0,1,6,5
flora,Linear FLoRA,dolly_stratified,Dolly stratified,tinyllama,TinyLlama,heter,Heter,3,50,20,20,6,5,1,round_config,round config,Committed partial,26.943721185285174,0.0,1,6,6
flora,Linear FLoRA,dolly_stratified,Dolly stratified,tinyllama,TinyLlama,heter,Heter,3,50,20,20,7,6,1,round_config,round config,Committed partial,27.991509371622897,0.0,1,6,7
flora,Linear FLoRA,dolly_stratified,Dolly stratified,tinyllama,TinyLlama,heter,Heter,3,50,20,20,8,7,1,round_config,round config,Committed partial,29.71262836691527,0.0,1,6,8
flora,Linear FLoRA,dolly_stratified,Dolly stratified,tinyllama,TinyLlama,heter,Heter,3,50,20,20,9,8,1,round_config,round config,Committed partial,29.467365282520795,0.0,1,6,9
flora,Linear FLoRA,dolly_stratified,Dolly stratified,tinyllama,TinyLlama,heter,Heter,3,50,20,20,10,9,1,round_config,round config,Committed partial,29.84285954606591,0.0,1,6,10
ffa,Nonlinear FFA,dolly_stratified,Dolly stratified,tinyllama,TinyLlama,heter,Heter,3,50,20,20,1,0,1,round_config,round config,Committed partial,18.78559356642299,0.0,1,12,1
ffa,Nonlinear FFA,dolly_stratified,Dolly stratified,tinyllama,TinyLlama,heter,Heter,3,50,20,20,2,1,1,round_config,round config,Committed partial,16.158163303287587,0.0,1,12,2
ffa,Nonlinear FFA,dolly_stratified,Dolly stratified,tinyllama,TinyLlama,heter,Heter,3,50,20,20,3,2,1,round_config,round config,Committed partial,16.799322671993245,0.0,1,12,3
ffa,Nonlinear FFA,dolly_stratified,Dolly stratified,tinyllama,TinyLlama,heter,Heter,3,50,20,20,4,3,1,round_config,round config,Committed partial,20.341097187781426,0.0,1,12,4
ffa,Nonlinear FFA,dolly_stratified,Dolly stratified,tinyllama,TinyLlama,heter,Heter,3,50,20,20,5,4,1,round_config,round config,Committed partial,22.70489854253341,0.0,1,12,5
ffa,Nonlinear FFA,dolly_stratified,Dolly stratified,tinyllama,TinyLlama,heter,Heter,3,50,20,20,6,5,1,round_config,round config,Committed partial,24.264760439531614,0.0,1,12,6
ffa,Nonlinear FFA,dolly_stratified,Dolly stratified,tinyllama,TinyLlama,heter,Heter,3,50,20,20,7,6,1,round_config,round config,Committed partial,25.451599068300485,0.0,1,12,7
ffa,Nonlinear FFA,dolly_stratified,Dolly stratified,tinyllama,TinyLlama,heter,Heter,3,50,20,20,8,7,1,round_config,round config,Committed partial,26.13567951838055,0.0,1,12,8
ffa,Nonlinear FFA,dolly_stratified,Dolly stratified,tinyllama,TinyLlama,heter,Heter,3,50,20,20,9,8,1,round_config,round config,Committed partial,25.72462315710693,0.0,1,12,9
ffa,Nonlinear FFA,dolly_stratified,Dolly stratified,tinyllama,TinyLlama,heter,Heter,3,50,20,20,10,9,1,round_config,round config,Committed partial,26.25007375128135,0.0,1,12,10
flora,Linear FLoRA,dolly_stratified,Dolly stratified,tinyllama,TinyLlama,homo,Homo,3,50,3,3,1,0,1,round_config,round config,Committed partial,28.37831697733891,0.0,1,1,1
flora,Linear FLoRA,dolly_stratified,Dolly stratified,tinyllama,TinyLlama,homo,Homo,3,50,3,3,2,1,1,round_config,round config,Committed partial,26.135418412495486,0.0,1,1,2
flora,Linear FLoRA,dolly_stratified,Dolly stratified,tinyllama,TinyLlama,homo,Homo,3,50,3,3,3,2,1,round_config,round config,Committed partial,26.284512378015606,0.0,1,1,3
flora,Linear FLoRA,dolly_stratified,Dolly stratified,tinyllama,TinyLlama,homo,Homo,3,50,3,3,4,3,1,round_config,round config,Committed partial,26.046391905803794,0.0,1,1,4
flora,Linear FLoRA,dolly_stratified,Dolly stratified,tinyllama,TinyLlama,homo,Homo,3,50,3,3,5,4,1,round_config,round config,Committed partial,27.701123381479174,0.0,1,1,5
flora,Linear FLoRA,dolly_stratified,Dolly stratified,tinyllama,TinyLlama,homo,Homo,3,50,3,3,6,5,1,round_config,round config,Committed partial,28.052387760822644,0.0,1,1,6
flora,Linear FLoRA,dolly_stratified,Dolly stratified,tinyllama,TinyLlama,homo,Homo,3,50,3,3,7,6,1,round_config,round config,Committed partial,26.615597108830503,0.0,1,1,7
flora,Linear FLoRA,dolly_stratified,Dolly stratified,tinyllama,TinyLlama,homo,Homo,3,50,3,3,8,7,1,round_config,round config,Committed partial,28.424941333379667,0.0,1,1,8
flora,Linear FLoRA,dolly_stratified,Dolly stratified,tinyllama,TinyLlama,homo,Homo,3,50,3,3,9,8,1,round_config,round config,Committed partial,28.320495775017303,0.0,1,1,9
flora,Linear FLoRA,dolly_stratified,Dolly stratified,tinyllama,TinyLlama,homo,Homo,3,50,3,3,10,9,1,round_config,round config,Committed partial,25.966127249423497,0.0,1,1,10
flora,Linear FLoRA,dolly_stratified,Dolly stratified,tinyllama,TinyLlama,homo,Homo,3,50,3,3,11,10,2,round_config,round config,Committed partial,28.35550475552113,0.0,1,1,11
flora,Linear FLoRA,dolly_stratified,Dolly stratified,tinyllama,TinyLlama,homo,Homo,3,50,3,3,12,11,2,round_config,round config,Committed partial,26.93443226926906,0.0,1,1,12
flora,Linear FLoRA,dolly_stratified,Dolly stratified,tinyllama,TinyLlama,homo,Homo,3,50,3,3,13,12,2,round_config,round config,Committed partial,27.74545521894861,0.0,1,1,13
flora,Linear FLoRA,dolly_stratified,Dolly stratified,tinyllama,TinyLlama,homo,Homo,3,50,3,3,14,13,2,round_config,round config,Committed partial,27.538580552776942,0.0,1,1,14
flora,Linear FLoRA,dolly_stratified,Dolly stratified,tinyllama,TinyLlama,homo,Homo,3,50,3,3,15,14,2,round_config,round config,Committed partial,27.76858961847851,0.0,1,1,15
flora,Linear FLoRA,dolly_stratified,Dolly stratified,tinyllama,TinyLlama,homo,Homo,3,50,3,3,16,15,2,round_config,round config,Committed partial,28.556988370972462,0.0,1,1,16
flora,Linear FLoRA,dolly_stratified,Dolly stratified,tinyllama,TinyLlama,homo,Homo,3,50,3,3,17,16,2,round_config,round config,Committed partial,28.491623913408503,0.0,1,1,17
flora,Linear FLoRA,dolly_stratified,Dolly stratified,tinyllama,TinyLlama,homo,Homo,3,50,3,3,18,17,2,round_config,round config,Committed partial,28.951266989288982,0.0,1,1,18
flora,Linear FLoRA,dolly_stratified,Dolly stratified,tinyllama,TinyLlama,homo,Homo,3,50,3,3,19,18,2,round_config,round config,Committed partial,28.626508257263144,0.0,1,1,19
flora,Linear FLoRA,dolly_stratified,Dolly stratified,tinyllama,TinyLlama,homo,Homo,3,50,3,3,20,19,2,round_config,round config,Committed partial,29.211827033216835,0.0,1,1,20
ffa,Nonlinear FFA,dolly_stratified,Dolly stratified,tinyllama,TinyLlama,homo,Homo,3,50,3,3,1,0,1,round_config,round config,Committed partial,27.263354601320138,0.0,1,7,1
ffa,Nonlinear FFA,dolly_stratified,Dolly stratified,tinyllama,TinyLlama,homo,Homo,3,50,3,3,2,1,1,round_config,round config,Committed partial,27.881321426486267,0.0,1,7,2
ffa,Nonlinear FFA,dolly_stratified,Dolly stratified,tinyllama,TinyLlama,homo,Homo,3,50,3,3,3,2,1,round_config,round config,Committed partial,28.778352292414006,0.0,1,7,3
ffa,Nonlinear FFA,dolly_stratified,Dolly stratified,tinyllama,TinyLlama,homo,Homo,3,50,3,3,4,3,1,round_config,round config,Committed partial,29.650430302228614,0.0,1,7,4
ffa,Nonlinear FFA,dolly_stratified,Dolly stratified,tinyllama,TinyLlama,homo,Homo,3,50,3,3,5,4,1,round_config,round config,Committed partial,31.318223656085358,0.0,1,7,5
ffa,Nonlinear FFA,dolly_stratified,Dolly stratified,tinyllama,TinyLlama,homo,Homo,3,50,3,3,6,5,1,round_config,round config,Committed partial,30.460475503468924,0.0,1,7,6
ffa,Nonlinear FFA,dolly_stratified,Dolly stratified,tinyllama,TinyLlama,homo,Homo,3,50,3,3,7,6,1,round_config,round config,Committed partial,32.428623139071156,0.0,1,7,7
ffa,Nonlinear FFA,dolly_stratified,Dolly stratified,tinyllama,TinyLlama,homo,Homo,3,50,3,3,8,7,1,round_config,round config,Committed partial,33.57479711734421,0.0,1,7,8
ffa,Nonlinear FFA,dolly_stratified,Dolly stratified,tinyllama,TinyLlama,homo,Homo,3,50,3,3,9,8,1,round_config,round config,Committed partial,31.141833175559892,0.0,1,7,9
ffa,Nonlinear FFA,dolly_stratified,Dolly stratified,tinyllama,TinyLlama,homo,Homo,3,50,3,3,10,9,1,round_config,round config,Committed partial,29.36505531356326,0.0,1,7,10
flora,Linear FLoRA,dolly_stratified,Dolly stratified,tinyllama,TinyLlama,homo,Homo,3,50,10,10,1,0,1,round_config,round config,Committed partial,26.60980829050208,0.0,1,2,1
flora,Linear FLoRA,dolly_stratified,Dolly stratified,tinyllama,TinyLlama,homo,Homo,3,50,10,10,2,1,1,round_config,round config,Committed partial,28.661403465219077,0.0,1,2,2
flora,Linear FLoRA,dolly_stratified,Dolly stratified,tinyllama,TinyLlama,homo,Homo,3,50,10,10,3,2,1,round_config,round config,Committed partial,27.660918690615237,0.0,1,2,3
flora,Linear FLoRA,dolly_stratified,Dolly stratified,tinyllama,TinyLlama,homo,Homo,3,50,10,10,4,3,1,round_config,round config,Committed partial,28.177055464547706,0.0,1,2,4
flora,Linear FLoRA,dolly_stratified,Dolly stratified,tinyllama,TinyLlama,homo,Homo,3,50,10,10,5,4,1,round_config,round config,Committed partial,26.892724589234295,0.0,1,2,5
flora,Linear FLoRA,dolly_stratified,Dolly stratified,tinyllama,TinyLlama,homo,Homo,3,50,10,10,6,5,1,round_config,round config,Committed partial,27.60899213784705,0.0,1,2,6
flora,Linear FLoRA,dolly_stratified,Dolly stratified,tinyllama,TinyLlama,homo,Homo,3,50,10,10,7,6,1,round_config,round config,Committed partial,27.943549145263823,0.0,1,2,7
flora,Linear FLoRA,dolly_stratified,Dolly stratified,tinyllama,TinyLlama,homo,Homo,3,50,10,10,8,7,1,round_config,round config,Committed partial,28.008894718765298,0.0,1,2,8
flora,Linear FLoRA,dolly_stratified,Dolly stratified,tinyllama,TinyLlama,homo,Homo,3,50,10,10,9,8,1,round_config,round config,Committed partial,28.18310074402128,0.0,1,2,9
flora,Linear FLoRA,dolly_stratified,Dolly stratified,tinyllama,TinyLlama,homo,Homo,3,50,10,10,10,9,1,round_config,round config,Committed partial,28.547522085680043,0.0,1,2,10
flora,Linear FLoRA,dolly_stratified,Dolly stratified,tinyllama,TinyLlama,homo,Homo,3,50,10,10,11,10,2,round_config,round config,Committed partial,28.025689560661142,0.0,1,2,11
flora,Linear FLoRA,dolly_stratified,Dolly stratified,tinyllama,TinyLlama,homo,Homo,3,50,10,10,12,11,2,round_config,round config,Committed partial,28.2450076270367,0.0,1,2,12
flora,Linear FLoRA,dolly_stratified,Dolly stratified,tinyllama,TinyLlama,homo,Homo,3,50,10,10,13,12,2,round_config,round config,Committed partial,28.797439267208702,0.0,1,2,13
flora,Linear FLoRA,dolly_stratified,Dolly stratified,tinyllama,TinyLlama,homo,Homo,3,50,10,10,14,13,2,round_config,round config,Committed partial,28.809358211332164,0.0,1,2,14
flora,Linear FLoRA,dolly_stratified,Dolly stratified,tinyllama,TinyLlama,homo,Homo,3,50,10,10,15,14,2,round_config,round config,Committed partial,27.546198813295124,0.0,1,2,15
flora,Linear FLoRA,dolly_stratified,Dolly stratified,tinyllama,TinyLlama,homo,Homo,3,50,10,10,16,15,2,round_config,round config,Committed partial,27.9030069158541,0.0,1,2,16
flora,Linear FLoRA,dolly_stratified,Dolly stratified,tinyllama,TinyLlama,homo,Homo,3,50,10,10,17,16,2,round_config,round config,Committed partial,28.60507203311701,0.0,1,2,17
flora,Linear FLoRA,dolly_stratified,Dolly stratified,tinyllama,TinyLlama,homo,Homo,3,50,10,10,18,17,2,round_config,round config,Committed partial,28.287315570310245,0.0,1,2,18
flora,Linear FLoRA,dolly_stratified,Dolly stratified,tinyllama,TinyLlama,homo,Homo,3,50,10,10,19,18,2,round_config,round config,Committed partial,28.08257938904276,0.0,1,2,19
flora,Linear FLoRA,dolly_stratified,Dolly stratified,tinyllama,TinyLlama,homo,Homo,3,50,10,10,20,19,2,round_config,round config,Committed partial,27.014994314948876,0.0,1,2,20
ffa,Nonlinear FFA,dolly_stratified,Dolly stratified,tinyllama,TinyLlama,homo,Homo,3,50,10,10,1,0,1,round_config,round config,Committed partial,20.116303880231097,0.0,1,8,1
ffa,Nonlinear FFA,dolly_stratified,Dolly stratified,tinyllama,TinyLlama,homo,Homo,3,50,10,10,2,1,1,round_config,round config,Committed partial,27.728141423971152,0.0,1,8,2
ffa,Nonlinear FFA,dolly_stratified,Dolly stratified,tinyllama,TinyLlama,homo,Homo,3,50,10,10,3,2,1,round_config,round config,Committed partial,29.239334785137196,0.0,1,8,3
ffa,Nonlinear FFA,dolly_stratified,Dolly stratified,tinyllama,TinyLlama,homo,Homo,3,50,10,10,4,3,1,round_config,round config,Committed partial,26.802993556583065,0.0,1,8,4
ffa,Nonlinear FFA,dolly_stratified,Dolly stratified,tinyllama,TinyLlama,homo,Homo,3,50,10,10,5,4,1,round_config,round config,Committed partial,30.006748203033577,0.0,1,8,5
ffa,Nonlinear FFA,dolly_stratified,Dolly stratified,tinyllama,TinyLlama,homo,Homo,3,50,10,10,6,5,1,round_config,round config,Committed partial,29.982273440789896,0.0,1,8,6
ffa,Nonlinear FFA,dolly_stratified,Dolly stratified,tinyllama,TinyLlama,homo,Homo,3,50,10,10,7,6,1,round_config,round config,Committed partial,28.14226032480515,0.0,1,8,7
ffa,Nonlinear FFA,dolly_stratified,Dolly stratified,tinyllama,TinyLlama,homo,Homo,3,50,10,10,8,7,1,round_config,round config,Committed partial,28.867470271838307,0.0,1,8,8
ffa,Nonlinear FFA,dolly_stratified,Dolly stratified,tinyllama,TinyLlama,homo,Homo,3,50,10,10,9,8,1,round_config,round config,Committed partial,28.643810208189276,0.0,1,8,9
ffa,Nonlinear FFA,dolly_stratified,Dolly stratified,tinyllama,TinyLlama,homo,Homo,3,50,10,10,10,9,1,round_config,round config,Committed partial,29.215520778799885,0.0,1,8,10
flora,Linear FLoRA,dolly_stratified,Dolly stratified,tinyllama,TinyLlama,homo,Homo,3,50,20,20,1,0,1,round_config,round config,Committed partial,27.57670124979833,0.0,1,3,1
flora,Linear FLoRA,dolly_stratified,Dolly stratified,tinyllama,TinyLlama,homo,Homo,3,50,20,20,2,1,1,round_config,round config,Committed partial,28.391462862910632,0.0,1,3,2
flora,Linear FLoRA,dolly_stratified,Dolly stratified,tinyllama,TinyLlama,homo,Homo,3,50,20,20,3,2,1,round_config,round config,Committed partial,26.540341283268624,0.0,1,3,3
flora,Linear FLoRA,dolly_stratified,Dolly stratified,tinyllama,TinyLlama,homo,Homo,3,50,20,20,4,3,1,round_config,round config,Committed partial,29.22998061991257,0.0,1,3,4
flora,Linear FLoRA,dolly_stratified,Dolly stratified,tinyllama,TinyLlama,homo,Homo,3,50,20,20,5,4,1,round_config,round config,Committed partial,28.33574320532936,0.0,1,3,5
flora,Linear FLoRA,dolly_stratified,Dolly stratified,tinyllama,TinyLlama,homo,Homo,3,50,20,20,6,5,1,round_config,round config,Committed partial,29.58581730095568,0.0,1,3,6
flora,Linear FLoRA,dolly_stratified,Dolly stratified,tinyllama,TinyLlama,homo,Homo,3,50,20,20,7,6,1,round_config,round config,Committed partial,27.236125293185736,0.0,1,3,7
flora,Linear FLoRA,dolly_stratified,Dolly stratified,tinyllama,TinyLlama,homo,Homo,3,50,20,20,8,7,1,round_config,round config,Committed partial,28.231782361401596,0.0,1,3,8
flora,Linear FLoRA,dolly_stratified,Dolly stratified,tinyllama,TinyLlama,homo,Homo,3,50,20,20,9,8,1,round_config,round config,Committed partial,26.978541349887397,0.0,1,3,9
flora,Linear FLoRA,dolly_stratified,Dolly stratified,tinyllama,TinyLlama,homo,Homo,3,50,20,20,10,9,1,round_config,round config,Committed partial,27.24099199445757,0.0,1,3,10
flora,Linear FLoRA,dolly_stratified,Dolly stratified,tinyllama,TinyLlama,homo,Homo,3,50,20,20,11,10,2,round_config,round config,Committed partial,27.77062393512855,0.0,1,3,11
flora,Linear FLoRA,dolly_stratified,Dolly stratified,tinyllama,TinyLlama,homo,Homo,3,50,20,20,12,11,2,round_config,round config,Committed partial,28.368919562231092,0.0,1,3,12
flora,Linear FLoRA,dolly_stratified,Dolly stratified,tinyllama,TinyLlama,homo,Homo,3,50,20,20,13,12,2,round_config,round config,Committed partial,27.484269647848826,0.0,1,3,13
flora,Linear FLoRA,dolly_stratified,Dolly stratified,tinyllama,TinyLlama,homo,Homo,3,50,20,20,14,13,2,round_config,round config,Committed partial,27.82467309167257,0.0,1,3,14
flora,Linear FLoRA,dolly_stratified,Dolly stratified,tinyllama,TinyLlama,homo,Homo,3,50,20,20,15,14,2,round_config,round config,Committed partial,28.288079569087433,0.0,1,3,15
flora,Linear FLoRA,dolly_stratified,Dolly stratified,tinyllama,TinyLlama,homo,Homo,3,50,20,20,16,15,2,round_config,round config,Committed partial,28.199616134853382,0.0,1,3,16
flora,Linear FLoRA,dolly_stratified,Dolly stratified,tinyllama,TinyLlama,homo,Homo,3,50,20,20,17,16,2,round_config,round config,Committed partial,28.37568504585719,0.0,1,3,17
flora,Linear FLoRA,dolly_stratified,Dolly stratified,tinyllama,TinyLlama,homo,Homo,3,50,20,20,18,17,2,round_config,round config,Committed partial,28.187498100193096,0.0,1,3,18
flora,Linear FLoRA,dolly_stratified,Dolly stratified,tinyllama,TinyLlama,homo,Homo,3,50,20,20,19,18,2,round_config,round config,Committed partial,28.194473595593415,0.0,1,3,19
flora,Linear FLoRA,dolly_stratified,Dolly stratified,tinyllama,TinyLlama,homo,Homo,3,50,20,20,20,19,2,round_config,round config,Committed partial,28.568704062127352,0.0,1,3,20
ffa,Nonlinear FFA,dolly_stratified,Dolly stratified,tinyllama,TinyLlama,homo,Homo,3,50,20,20,1,0,1,round_config,round config,Committed partial,17.822973169184273,0.0,1,9,1
ffa,Nonlinear FFA,dolly_stratified,Dolly stratified,tinyllama,TinyLlama,homo,Homo,3,50,20,20,2,1,1,round_config,round config,Committed partial,22.49599159983833,0.0,1,9,2
ffa,Nonlinear FFA,dolly_stratified,Dolly stratified,tinyllama,TinyLlama,homo,Homo,3,50,20,20,3,2,1,round_config,round config,Committed partial,27.037181739778564,0.0,1,9,3
ffa,Nonlinear FFA,dolly_stratified,Dolly stratified,tinyllama,TinyLlama,homo,Homo,3,50,20,20,4,3,1,round_config,round config,Committed partial,28.98430873737407,0.0,1,9,4
ffa,Nonlinear FFA,dolly_stratified,Dolly stratified,tinyllama,TinyLlama,homo,Homo,3,50,20,20,5,4,1,round_config,round config,Committed partial,27.921604556691946,0.0,1,9,5
ffa,Nonlinear FFA,dolly_stratified,Dolly stratified,tinyllama,TinyLlama,homo,Homo,3,50,20,20,6,5,1,round_config,round config,Committed partial,27.294888232750946,0.0,1,9,6
ffa,Nonlinear FFA,dolly_stratified,Dolly stratified,tinyllama,TinyLlama,homo,Homo,3,50,20,20,7,6,1,round_config,round config,Committed partial,28.179823152807167,0.0,1,9,7
ffa,Nonlinear FFA,dolly_stratified,Dolly stratified,tinyllama,TinyLlama,homo,Homo,3,50,20,20,8,7,1,round_config,round config,Committed partial,28.325341903604862,0.0,1,9,8
ffa,Nonlinear FFA,dolly_stratified,Dolly stratified,tinyllama,TinyLlama,homo,Homo,3,50,20,20,9,8,1,round_config,round config,Committed partial,29.259793194673144,0.0,1,9,9
ffa,Nonlinear FFA,dolly_stratified,Dolly stratified,tinyllama,TinyLlama,homo,Homo,3,50,20,20,10,9,1,round_config,round config,Committed partial,29.334345479674916,0.0,1,9,10
ffa,Nonlinear FFA,dolly_stratified,Dolly stratified,tinyllama,TinyLlama,homo,Homo,3,50,20,20,11,10,2,round_config,round config,Committed partial,25.990907247948343,0.0,1,9,11
ffa,Nonlinear FFA,dolly_stratified,Dolly stratified,tinyllama,TinyLlama,homo,Homo,3,50,20,20,12,11,2,round_config,round config,Committed partial,28.240913565801623,0.0,1,9,12
ffa,Nonlinear FFA,dolly_stratified,Dolly stratified,tinyllama,TinyLlama,homo,Homo,3,50,20,20,13,12,2,round_config,round config,Committed partial,29.182138557788974,0.0,1,9,13
ffa,Nonlinear FFA,dolly_stratified,Dolly stratified,tinyllama,TinyLlama,homo,Homo,3,50,20,20,14,13,2,round_config,round config,Committed partial,28.102875313822988,0.0,1,9,14
ffa,Nonlinear FFA,dolly_stratified,Dolly stratified,tinyllama,TinyLlama,homo,Homo,3,50,20,20,15,14,2,round_config,round config,Committed partial,28.89772506317519,0.0,1,9,15
ffa,Nonlinear FFA,dolly_stratified,Dolly stratified,tinyllama,TinyLlama,homo,Homo,3,50,20,20,16,15,2,round_config,round config,Committed partial,28.84087354736907,0.0,1,9,16
ffa,Nonlinear FFA,dolly_stratified,Dolly stratified,tinyllama,TinyLlama,homo,Homo,3,50,20,20,17,16,2,round_config,round config,Committed partial,29.335487576493197,0.0,1,9,17
ffa,Nonlinear FFA,dolly_stratified,Dolly stratified,tinyllama,TinyLlama,homo,Homo,3,50,20,20,18,17,2,round_config,round config,Committed partial,28.46310397589334,0.0,1,9,18
ffa,Nonlinear FFA,dolly_stratified,Dolly stratified,tinyllama,TinyLlama,homo,Homo,3,50,20,20,19,18,2,round_config,round config,Committed partial,28.068120175720267,0.0,1,9,19
ffa,Nonlinear FFA,dolly_stratified,Dolly stratified,tinyllama,TinyLlama,homo,Homo,3,50,20,20,20,19,2,round_config,round config,Committed partial,30.089903777777792,0.0,1,9,20
flora,Linear FLoRA,wiz_stratified,Wizard stratified,tinyllama,TinyLlama,heter,Heter,3,50,3,3,1,0,1,round_config,round config,Committed partial,34.80363516862383,0.0,1,16,1
flora,Linear FLoRA,wiz_stratified,Wizard stratified,tinyllama,TinyLlama,heter,Heter,3,50,3,3,2,1,1,round_config,round config,Committed partial,33.221336655374266,0.0,1,16,2
flora,Linear FLoRA,wiz_stratified,Wizard stratified,tinyllama,TinyLlama,heter,Heter,3,50,3,3,3,2,1,round_config,round config,Committed partial,34.974101005960236,0.0,1,16,3
flora,Linear FLoRA,wiz_stratified,Wizard stratified,tinyllama,TinyLlama,heter,Heter,3,50,3,3,4,3,1,round_config,round config,Committed partial,34.722502078171,0.0,1,16,4
flora,Linear FLoRA,wiz_stratified,Wizard stratified,tinyllama,TinyLlama,heter,Heter,3,50,3,3,5,4,1,round_config,round config,Committed partial,35.59304178248602,0.0,1,16,5
flora,Linear FLoRA,wiz_stratified,Wizard stratified,tinyllama,TinyLlama,heter,Heter,3,50,3,3,6,5,1,round_config,round config,Committed partial,34.04621170532527,0.0,1,16,6
ffa,Nonlinear FFA,wiz_stratified,Wizard stratified,tinyllama,TinyLlama,heter,Heter,3,50,3,3,1,0,1,round_config,round config,Committed partial,33.249964316282444,0.0,1,22,1
ffa,Nonlinear FFA,wiz_stratified,Wizard stratified,tinyllama,TinyLlama,heter,Heter,3,50,3,3,2,1,1,round_config,round config,Committed partial,33.94702001196204,0.0,1,22,2
ffa,Nonlinear FFA,wiz_stratified,Wizard stratified,tinyllama,TinyLlama,heter,Heter,3,50,3,3,3,2,1,round_config,round config,Committed partial,35.04927112566704,0.0,1,22,3
ffa,Nonlinear FFA,wiz_stratified,Wizard stratified,tinyllama,TinyLlama,heter,Heter,3,50,3,3,4,3,1,round_config,round config,Committed partial,33.94098044858882,0.0,1,22,4
flora,Linear FLoRA,wiz_stratified,Wizard stratified,tinyllama,TinyLlama,heter,Heter,3,50,10,10,1,0,1,round_config,round config,Committed partial,47.47287023914108,0.0,1,17,1
flora,Linear FLoRA,wiz_stratified,Wizard stratified,tinyllama,TinyLlama,heter,Heter,3,50,10,10,2,1,1,round_config,round config,Committed partial,40.10665333545089,0.0,1,17,2
flora,Linear FLoRA,wiz_stratified,Wizard stratified,tinyllama,TinyLlama,heter,Heter,3,50,10,10,3,2,1,round_config,round config,Committed partial,39.42557932560204,0.0,1,17,3
flora,Linear FLoRA,wiz_stratified,Wizard stratified,tinyllama,TinyLlama,heter,Heter,3,50,10,10,4,3,1,round_config,round config,Committed partial,39.51527589597445,0.0,1,17,4
flora,Linear FLoRA,wiz_stratified,Wizard stratified,tinyllama,TinyLlama,heter,Heter,3,50,10,10,5,4,1,round_config,round config,Committed partial,37.986966998133205,0.0,1,17,5
flora,Linear FLoRA,wiz_stratified,Wizard stratified,tinyllama,TinyLlama,heter,Heter,3,50,10,10,6,5,1,round_config,round config,Committed partial,37.79167927971076,0.0,1,17,6
flora,Linear FLoRA,wiz_stratified,Wizard stratified,tinyllama,TinyLlama,heter,Heter,3,50,10,10,7,6,1,round_config,round config,Committed partial,37.864935979790985,0.0,1,17,7
flora,Linear FLoRA,wiz_stratified,Wizard stratified,tinyllama,TinyLlama,heter,Heter,3,50,10,10,8,7,1,round_config,round config,Committed partial,35.546203958010615,0.0,1,17,8
flora,Linear FLoRA,wiz_stratified,Wizard stratified,tinyllama,TinyLlama,heter,Heter,3,50,10,10,9,8,1,round_config,round config,Committed partial,35.80042534273922,0.0,1,17,9
flora,Linear FLoRA,wiz_stratified,Wizard stratified,tinyllama,TinyLlama,heter,Heter,3,50,10,10,10,9,1,round_config,round config,Committed partial,35.002494852766894,0.0,1,17,10
flora,Linear FLoRA,wiz_stratified,Wizard stratified,tinyllama,TinyLlama,heter,Heter,3,50,10,10,11,10,2,round_config,round config,Committed partial,35.75388446182716,0.0,1,17,11
flora,Linear FLoRA,wiz_stratified,Wizard stratified,tinyllama,TinyLlama,heter,Heter,3,50,10,10,12,11,2,round_config,round config,Committed partial,36.31405219087723,0.0,1,17,12
flora,Linear FLoRA,wiz_stratified,Wizard stratified,tinyllama,TinyLlama,heter,Heter,3,50,20,20,1,0,1,round_config,round config,Committed partial,43.83874840384846,0.0,1,18,1
flora,Linear FLoRA,wiz_stratified,Wizard stratified,tinyllama,TinyLlama,heter,Heter,3,50,20,20,2,1,1,round_config,round config,Committed partial,43.072850560215805,0.0,1,18,2
flora,Linear FLoRA,wiz_stratified,Wizard stratified,tinyllama,TinyLlama,heter,Heter,3,50,20,20,3,2,1,round_config,round config,Committed partial,42.964967436750264,0.0,1,18,3
flora,Linear FLoRA,wiz_stratified,Wizard stratified,tinyllama,TinyLlama,heter,Heter,3,50,20,20,4,3,1,round_config,round config,Committed partial,44.44359676319043,0.0,1,18,4
flora,Linear FLoRA,wiz_stratified,Wizard stratified,tinyllama,TinyLlama,heter,Heter,3,50,20,20,5,4,1,round_config,round config,Committed partial,43.45565664386471,0.0,1,18,5
flora,Linear FLoRA,wiz_stratified,Wizard stratified,tinyllama,TinyLlama,heter,Heter,3,50,20,20,6,5,1,round_config,round config,Committed partial,43.72731773528711,0.0,1,18,6
flora,Linear FLoRA,wiz_stratified,Wizard stratified,tinyllama,TinyLlama,heter,Heter,3,50,20,20,7,6,1,round_config,round config,Committed partial,44.624488619772336,0.0,1,18,7
flora,Linear FLoRA,wiz_stratified,Wizard stratified,tinyllama,TinyLlama,heter,Heter,3,50,20,20,8,7,1,round_config,round config,Committed partial,43.600306565831005,0.0,1,18,8
flora,Linear FLoRA,wiz_stratified,Wizard stratified,tinyllama,TinyLlama,heter,Heter,3,50,20,20,9,8,1,round_config,round config,Committed partial,43.33570852099684,0.0,1,18,9
flora,Linear FLoRA,wiz_stratified,Wizard stratified,tinyllama,TinyLlama,heter,Heter,3,50,20,20,10,9,1,round_config,round config,Committed partial,44.217082999847065,0.0,1,18,10
flora,Linear FLoRA,wiz_stratified,Wizard stratified,tinyllama,TinyLlama,homo,Homo,3,50,3,3,1,0,1,round_config,round config,Committed partial,35.10765901805604,0.0,1,13,1
flora,Linear FLoRA,wiz_stratified,Wizard stratified,tinyllama,TinyLlama,homo,Homo,3,50,3,3,2,1,1,round_config,round config,Committed partial,35.3454543983298,0.0,1,13,2
flora,Linear FLoRA,wiz_stratified,Wizard stratified,tinyllama,TinyLlama,homo,Homo,3,50,3,3,3,2,1,round_config,round config,Committed partial,35.16639344610322,0.0,1,13,3
flora,Linear FLoRA,wiz_stratified,Wizard stratified,tinyllama,TinyLlama,homo,Homo,3,50,3,3,4,3,1,round_config,round config,Committed partial,33.29989727028998,0.0,1,13,4
flora,Linear FLoRA,wiz_stratified,Wizard stratified,tinyllama,TinyLlama,homo,Homo,3,50,3,3,5,4,1,round_config,round config,Committed partial,32.654061739580484,0.0,1,13,5
flora,Linear FLoRA,wiz_stratified,Wizard stratified,tinyllama,TinyLlama,homo,Homo,3,50,3,3,6,5,1,round_config,round config,Committed partial,32.00212898180109,0.0,1,13,6
flora,Linear FLoRA,wiz_stratified,Wizard stratified,tinyllama,TinyLlama,homo,Homo,3,50,3,3,7,6,1,round_config,round config,Committed partial,33.772575974973606,0.0,1,13,7
flora,Linear FLoRA,wiz_stratified,Wizard stratified,tinyllama,TinyLlama,homo,Homo,3,50,3,3,8,7,1,round_config,round config,Committed partial,33.696097596128304,0.0,1,13,8
flora,Linear FLoRA,wiz_stratified,Wizard stratified,tinyllama,TinyLlama,homo,Homo,3,50,3,3,9,8,1,round_config,round config,Committed partial,33.4306180744055,0.0,1,13,9
flora,Linear FLoRA,wiz_stratified,Wizard stratified,tinyllama,TinyLlama,homo,Homo,3,50,3,3,10,9,1,round_config,round config,Committed partial,33.370590189950626,0.0,1,13,10
ffa,Nonlinear FFA,wiz_stratified,Wizard stratified,tinyllama,TinyLlama,homo,Homo,3,50,3,3,1,0,1,round_config,round config,Committed partial,31.754185099109943,0.0,1,19,1
ffa,Nonlinear FFA,wiz_stratified,Wizard stratified,tinyllama,TinyLlama,homo,Homo,3,50,3,3,2,1,1,round_config,round config,Committed partial,30.061364513801912,0.0,1,19,2
ffa,Nonlinear FFA,wiz_stratified,Wizard stratified,tinyllama,TinyLlama,homo,Homo,3,50,3,3,3,2,1,round_config,round config,Committed partial,29.713450432207217,0.0,1,19,3
ffa,Nonlinear FFA,wiz_stratified,Wizard stratified,tinyllama,TinyLlama,homo,Homo,3,50,3,3,4,3,1,round_config,round config,Committed partial,28.602239997441476,0.0,1,19,4
ffa,Nonlinear FFA,wiz_stratified,Wizard stratified,tinyllama,TinyLlama,homo,Homo,3,50,3,3,5,4,1,round_config,round config,Committed partial,28.418453109319504,0.0,1,19,5
ffa,Nonlinear FFA,wiz_stratified,Wizard stratified,tinyllama,TinyLlama,homo,Homo,3,50,3,3,6,5,1,round_config,round config,Committed partial,27.904625196699932,0.0,1,19,6
ffa,Nonlinear FFA,wiz_stratified,Wizard stratified,tinyllama,TinyLlama,homo,Homo,3,50,3,3,7,6,1,round_config,round config,Committed partial,29.039697243609602,0.0,1,19,7
ffa,Nonlinear FFA,wiz_stratified,Wizard stratified,tinyllama,TinyLlama,homo,Homo,3,50,3,3,8,7,1,round_config,round config,Committed partial,27.906445718322363,0.0,1,19,8
ffa,Nonlinear FFA,wiz_stratified,Wizard stratified,tinyllama,TinyLlama,homo,Homo,3,50,3,3,9,8,1,round_config,round config,Committed partial,28.39569967848778,0.0,1,19,9
ffa,Nonlinear FFA,wiz_stratified,Wizard stratified,tinyllama,TinyLlama,homo,Homo,3,50,3,3,10,9,1,round_config,round config,Committed partial,30.245924411870178,0.0,1,19,10
flora,Linear FLoRA,wiz_stratified,Wizard stratified,tinyllama,TinyLlama,homo,Homo,3,50,10,10,1,0,1,round_config,round config,Committed partial,37.928488797903476,0.0,1,14,1
flora,Linear FLoRA,wiz_stratified,Wizard stratified,tinyllama,TinyLlama,homo,Homo,3,50,10,10,2,1,1,round_config,round config,Committed partial,37.88505491449962,0.0,1,14,2
flora,Linear FLoRA,wiz_stratified,Wizard stratified,tinyllama,TinyLlama,homo,Homo,3,50,10,10,3,2,1,round_config,round config,Committed partial,36.98637049929616,0.0,1,14,3
flora,Linear FLoRA,wiz_stratified,Wizard stratified,tinyllama,TinyLlama,homo,Homo,3,50,10,10,4,3,1,round_config,round config,Committed partial,37.647135390483044,0.0,1,14,4
flora,Linear FLoRA,wiz_stratified,Wizard stratified,tinyllama,TinyLlama,homo,Homo,3,50,10,10,5,4,1,round_config,round config,Committed partial,36.26691944747121,0.0,1,14,5
flora,Linear FLoRA,wiz_stratified,Wizard stratified,tinyllama,TinyLlama,homo,Homo,3,50,10,10,6,5,1,round_config,round config,Committed partial,38.04483048473459,0.0,1,14,6
flora,Linear FLoRA,wiz_stratified,Wizard stratified,tinyllama,TinyLlama,homo,Homo,3,50,10,10,7,6,1,round_config,round config,Committed partial,36.192587164856654,0.0,1,14,7
flora,Linear FLoRA,wiz_stratified,Wizard stratified,tinyllama,TinyLlama,homo,Homo,3,50,10,10,8,7,1,round_config,round config,Committed partial,35.297442278293445,0.0,1,14,8
flora,Linear FLoRA,wiz_stratified,Wizard stratified,tinyllama,TinyLlama,homo,Homo,3,50,10,10,9,8,1,round_config,round config,Committed partial,37.12876410289669,0.0,1,14,9
flora,Linear FLoRA,wiz_stratified,Wizard stratified,tinyllama,TinyLlama,homo,Homo,3,50,10,10,10,9,1,round_config,round config,Committed partial,36.625899755559985,0.0,1,14,10
ffa,Nonlinear FFA,wiz_stratified,Wizard stratified,tinyllama,TinyLlama,homo,Homo,3,50,10,10,1,0,1,round_config,round config,Committed partial,32.41250362502115,0.0,1,20,1
ffa,Nonlinear FFA,wiz_stratified,Wizard stratified,tinyllama,TinyLlama,homo,Homo,3,50,10,10,2,1,1,round_config,round config,Committed partial,32.02652038828078,0.0,1,20,2
ffa,Nonlinear FFA,wiz_stratified,Wizard stratified,tinyllama,TinyLlama,homo,Homo,3,50,10,10,3,2,1,round_config,round config,Committed partial,30.862168066780786,0.0,1,20,3
ffa,Nonlinear FFA,wiz_stratified,Wizard stratified,tinyllama,TinyLlama,homo,Homo,3,50,10,10,4,3,1,round_config,round config,Committed partial,30.278932821016642,0.0,1,20,4
ffa,Nonlinear FFA,wiz_stratified,Wizard stratified,tinyllama,TinyLlama,homo,Homo,3,50,10,10,5,4,1,round_config,round config,Committed partial,29.172056582442657,0.0,1,20,5
ffa,Nonlinear FFA,wiz_stratified,Wizard stratified,tinyllama,TinyLlama,homo,Homo,3,50,10,10,6,5,1,round_config,round config,Committed partial,31.155802891951705,0.0,1,20,6
ffa,Nonlinear FFA,wiz_stratified,Wizard stratified,tinyllama,TinyLlama,homo,Homo,3,50,10,10,7,6,1,round_config,round config,Committed partial,29.474375711480338,0.0,1,20,7
ffa,Nonlinear FFA,wiz_stratified,Wizard stratified,tinyllama,TinyLlama,homo,Homo,3,50,10,10,8,7,1,round_config,round config,Committed partial,30.28493910827222,0.0,1,20,8
ffa,Nonlinear FFA,wiz_stratified,Wizard stratified,tinyllama,TinyLlama,homo,Homo,3,50,10,10,9,8,1,round_config,round config,Committed partial,30.340714114400598,0.0,1,20,9
ffa,Nonlinear FFA,wiz_stratified,Wizard stratified,tinyllama,TinyLlama,homo,Homo,3,50,10,10,10,9,1,round_config,round config,Committed partial,28.849891456145727,0.0,1,20,10
flora,Linear FLoRA,wiz_stratified,Wizard stratified,tinyllama,TinyLlama,homo,Homo,3,50,20,20,1,0,1,round_config,round config,Committed partial,38.96357097531285,0.0,1,15,1
flora,Linear FLoRA,wiz_stratified,Wizard stratified,tinyllama,TinyLlama,homo,Homo,3,50,20,20,2,1,1,round_config,round config,Committed partial,36.76044649526381,0.0,1,15,2
flora,Linear FLoRA,wiz_stratified,Wizard stratified,tinyllama,TinyLlama,homo,Homo,3,50,20,20,3,2,1,round_config,round config,Committed partial,38.88220340648047,0.0,1,15,3
flora,Linear FLoRA,wiz_stratified,Wizard stratified,tinyllama,TinyLlama,homo,Homo,3,50,20,20,4,3,1,round_config,round config,Committed partial,39.171809771383884,0.0,1,15,4
flora,Linear FLoRA,wiz_stratified,Wizard stratified,tinyllama,TinyLlama,homo,Homo,3,50,20,20,5,4,1,round_config,round config,Committed partial,39.586861317273716,0.0,1,15,5
flora,Linear FLoRA,wiz_stratified,Wizard stratified,tinyllama,TinyLlama,homo,Homo,3,50,20,20,6,5,1,round_config,round config,Committed partial,39.5733973257063,0.0,1,15,6
flora,Linear FLoRA,wiz_stratified,Wizard stratified,tinyllama,TinyLlama,homo,Homo,3,50,20,20,7,6,1,round_config,round config,Committed partial,38.808705273714565,0.0,1,15,7
flora,Linear FLoRA,wiz_stratified,Wizard stratified,tinyllama,TinyLlama,homo,Homo,3,50,20,20,8,7,1,round_config,round config,Committed partial,39.710611368937045,0.0,1,15,8
flora,Linear FLoRA,wiz_stratified,Wizard stratified,tinyllama,TinyLlama,homo,Homo,3,50,20,20,9,8,1,round_config,round config,Committed partial,38.617124002393815,0.0,1,15,9
ffa,Nonlinear FFA,wiz_stratified,Wizard stratified,tinyllama,TinyLlama,homo,Homo,3,50,20,20,1,0,1,round_config,round config,Committed partial,30.191782402808563,0.0,1,21,1
ffa,Nonlinear FFA,wiz_stratified,Wizard stratified,tinyllama,TinyLlama,homo,Homo,3,50,20,20,2,1,1,round_config,round config,Committed partial,32.18037583548649,0.0,1,21,2
ffa,Nonlinear FFA,wiz_stratified,Wizard stratified,tinyllama,TinyLlama,homo,Homo,3,50,20,20,3,2,1,round_config,round config,Committed partial,31.4989324447134,0.0,1,21,3
ffa,Nonlinear FFA,wiz_stratified,Wizard stratified,tinyllama,TinyLlama,homo,Homo,3,50,20,20,4,3,1,round_config,round config,Committed partial,30.741412404591323,0.0,1,21,4
